url,label
https://bit.ly/3Xh7AJt,phish
https://share.hsforms.com/13MYImTQWSD-7vgvCGtk4Rgtege2,phish
https://docs.google.com/drawings/d/165jamAGxNTgLuO4Nlzt1reBJYRFLsGV06pXZ2CqXTdA/edit,phish
https://new.express.adobe.com/webpage/CroneKc27wHBm,phish
https://q-r.to/bfWxlm,phish
https://docs.google.com/presentation/d/e/2PACX-1vRZKxnfJrI6WDhuG8g3qXTPCF3_SuyYF5VTPvFovzUqzgssFju5de0OKlcc6jZPBd-zdDluCXtSsqYM/pub?start=false&amp;loop=false&amp;delayms=3000,phish
https://docs.google.com/presentation/d/e/2PACX-1vQnQcd5WBkfbYkEyRJgdKrR7Sfuy1BC8ILwj2YYlUwgVMza5FfxUgAFTVUkt4DMREDRciYKsHju5IL7/pub?start=false&loop=false&delayms=3000&slide=id.p,phish
https://www.dropbox.com/scl/fi/mb3a85qodyzd4hz9dg70l/No-Response_Broadband.paper?rlkey=02f6zwtfci6sin44oh402fd1v&dl=0,phish
https://qrco.de/bfJjYz,phish
https://edfdc0fa5e2ae6e3c6d7156f3b2ce00c.cdn.bubble.io/f1679644455398x630943732016925300/webmailf.html#x@x.com,phish
https://share.hsforms.com/2HJneYu-FTfexwVcfYsqJ_gtgy6d,phish
https://qrco.de/atoweb,phish
https://qrco.de/bfCksO,phish
https://docs.google.com/drawings/d/1uNod_nDHyeV3ian35jd67R_9aAxQMlRdz_AX2oO-joQ/edit,phish
https://l.ead.me/bfMeNm,phish
https://docs.google.com/drawings/d/1DkGzlvA6fk7WKGYVgy6QpWtoG36Hjoqa0d-_VdoSFsE/edit,phish
http://imtoknn.icu/,phish
https://t.co/KMryQYyoEZ,phish
https://q-r.to/amzjpmduihsues,phish
https://l.ead.me/bfMQew,phish
https://docs.google.com/presentation/d/e/2PACX-1vRGEMwAJBRelybGVXvbOs1XzyXwEXr7t2pA4nmakdA6xtrbiOck-_zDNHSDQ5201yfxVWoE_pigPzGU/pub?start=false&amp;loop=false&amp;delayms=3000,phish
https://q-r.to/bfU4XB,phish
https://l.ead.me/bfJAk9,phish
https://docs.google.com/presentation/d/e/2PACX-1vQQHO_hWIBssEVgaimfwp1VgGc0MiF6jjMTYASp0BkqBMKegcszhqZ6M4fZfSkzz2iTOqPU9ISWGEPy/pub?start=false&amp;loop=false&amp;delayms=3000,phish
https://t.co/YTG8x8jQZL,phish
https://t.co/tFkgNk4rCr,phish
https://q-r.to/bfRBlm,phish
http://www.a708.cc/,phish
https://docs.google.com/presentation/d/1EQyK9MaiHCxeVBgLOuj7LHyl4-OLtGN17Z4-wZ6iL9I/pub?start=false&loop=false&delayms=3000,phish
https://docs.google.com/presentation/d/e/2PACX-1vQ5HCwyHkL7fkCprouiofT1aYvBsFuTwTO8btKBZD5gE1lsW9bkvzRKiUE2tN_dUrBr0yY-DKnzjcwO/pub?start=false&amp;loop=false&amp;delayms=3000,phish
https://forms.office.com/pages/responsepage.aspx?id=DQSIkWdsW0yxEjajBLZtrQAAAAAAAAAAAAO__WN1clNUMFBNSFU5NENVT1JYOEdOQ1BQNlRSOUEwTy4u&amp;fbclid=IwAR2ORuqCWcjgPI0GJXLwUHTLEktuBMfSk99z5zu3LgzJOQS3RZQRx1SU-Og,phish
http://tengfeidn.cn/tfsoft/xftd/v2/ctf/,phish
https://forms.gle/i1eBEg6CEaYRQAg67,phish
https://replit.com/@Sa23434535/UsedJauntyBlogclient?v=1#error.php,phish
https://sites.google.com/view/ynl-4cf-nncwq/home,phish
https://docs.google.com/presentation/d/e/2PACX-1vRNEL4_Vne8-QzJfccKnZkf8qQAF6VaUAB4aV8W6tzmT6XsINyxAHzFmhbU1p0H2Kdmgu1NA1i6NaAK/pub?start=false&amp;amp;loop=false&amp;amp;delayms=3000,phish
https://q-r.to/bfHNmy,phish
https://docs.google.com/presentation/d/e/2PACX-1vTvaWGm8s8zgcjt04VG2RoB1u1DHom4Vp5Lka3on52ZY3GAlLRLUzAs1ypQpQqSV5sZlloHox0UWNvi/pub?start=true&amp;loop=true&amp;delayms=1000,phish
https://qrco.de/bfE0Vv,phish
https://docs.google.com/presentation/d/e/2PACX-1vTH8Oo1QucYzP-4dIGr-EsLM0T55eDc3fn357vbWcjy5ywBKF5Ls3qf6tblqqTY1pR_VIWa0im1vAzG/pub,phish
https://www.abcsubmit.com/view/id_1i4hljp4h_1kkd?utm=abcsubmit,phish
https://l.ead.me/bfMQWy,phish
https://docs.zoom.us/doc/60CrZIqtTqKAQlpX3nrC6w,phish
https://firebasestorage.googleapis.com/v0/b/update-85098.appspot.com/o/index.html?alt=media&amp;token=22e2d001-e81f-4da4-a8f2-24b97e2073f6,phish
https://docs.google.com/presentation/d/e/2PACX-1vSqRF-H5y8YuCf5PEkFNqNQjCSVktInWXfcAqB6nUQ4YoKJvxqXTSpTlxPtJWl1IVIkxswq2NxhNg-r/pub?start=false&amp;loop=false&amp;delayms=3000,phish
https://wixossdavdsteamworkspace.myclickfunnels.com/wixossdavdsteamworkspacesdadsadewfew21111111?new_run=true,phish
https://qrco.de/bfao9u,phish
https://apptuts.bio/detalhamentoluiza?gclid=EAIaIQobChMI5Y_Wh6qx_QIVsRXUAR3cUwo4EAAYAiAAEgLZf_D_BwE,phish
https://qrco.de/bfxuoh,phish
http://kuzina-teatr.ru/newsletter/US_us/FILE/Invoice-604371/,phish
https://q-r.to/bfN2VQ,phish
https://q-r.to/bfKPsQ,phish
https://sites.google.com/view/accederscotiapev/p%C3%A1gina-principal,phish
https://rp.mockplus.com/run/d0cHBJffy0/KRdBBGyMlO?cps=hide&rps=hide&nav=1&ha=0&la=0&fc=1&out=1&rt=1&isFrame=true&moduleID=LaKl_nSQf,phish
https://docs.google.com/drawings/d/1E4u_PG0W1-ZsZm28Cun-lWnDQC7HdvE2NKCIzg_HLLM/edit,phish
http://brightworks.cz/file/support/trust/En/042019/,phish
https://rebrand.ly/i11cea0,phish
https://lite.evernote.com/note/7b32a8d7-8c5b-a197-7d25-e0beaf75f502,phish
https://docs.google.com/presentation/d/e/2PACX-1vT_ry37aOPGihHLyNaENI4GhGnFiPxpIH43OB6-U_lxo_fNyXjuNedrLYDZtplrUKWHWJ5-er7cJBlF/pub?start=false&amp;loop=false&amp;delayms=3000,phish
https://l.ead.me/bfJN9Y,phish
https://qrco.de/bfXw9L,phish
https://l.ead.me/bfNy9H,phish
https://q-r.to/bfIqUD,phish
http://allegro.548325.me,phish
https://new.express.adobe.com/webpage/vJOSWlDt8UZRE,phish
https://mybroadbandservice.plutio.com/p/form/iTtJKQD9FnGbzrHNB,phish
https://docs.google.com/presentation/d/e/2PACX-1vQplJHjkqfhGpD2etyqw9zJZerMwZ2hxNleAIsCi4pTXGBAjokaUOSktQP5J5fnSUogvJRq31kmcXTh/pub?start=false&loop=false&delayms=3000&pli=1&slide=id.p,phish
https://qrco.de/bfDjEN,phish
http://my-washingtonpost.com,phish
https://qrco.de/bfNy1A,phish
https://l.ead.me/bfJWSX,phish
https://us11.campaign-archive.com/?u=c66fad67bdcd5bfe005ffc797&id=5820bd8ea7,phish
https://bit.ly/3zvL3jN,phish
https://qr-codes.io/KSifvf,phish
https://bit.ly/estafeta_mx,phish
https://bit.ly/4gWz1kw,phish
https://l.ead.me/bfNmkc,phish
https://l.wl.co/l?u=https://qr-codes.io/ijdMPu,phish
https://qrco.de/bfZu47,phish
https://docs.google.com/presentation/d/e/2PACX-1vTxNfy2WVK-Bk8NpHDzMUpn85We1XnqmCitwYgr0-H744yK8LULEOFCV33yfLAmJjL-QbRr2TqCJSKb/pub?start=false&amp;loop=false&amp;delayms=3000,phish
https://bit.ly/3CDy7Kd,phish
https://qrco.de/bff6Ed,phish
https://new.express.adobe.com/webpage/S7WyPOUjbf9wi,phish
https://docs.google.com/presentation/d/e/2PACX-1vS-0l8xoTSkFkViUIdHaofiCzc8u4JT-PDrsWhXp8hQ7CdftXBkcjU799iiZDp-l7mnMnGRs47hkKR4/pub?start=false&loop=false&delayms=3000,phish
https://l.ead.me/bfX4LT,phish
https://l.ead.me/bfMJiL,phish
https://app.jotform.com/251892474264162,phish
https://q-r.to/bg3I2w,phish
https://docs.google.com/presentation/d/e/2PACX-1vTcxMNsgoyQp5QlqdFeamAqsTyNG0yp9ldJi_Lvb-HXD3Y_7M7mU-0Kvx_bvTrIN0oPlBzR-E2to7qd/pub?start=false&loop=false&delayms=3000,phish
https://q-r.to/bfMFC7,phish
https://bit.ly/3LMiZLZ,phish
https://app.jotform.com/250892002023545,phish
http://45.13.227.97/sex.sh,phish
http://itaca.in,phish
https://q-r.to/bfIlFE,phish
https://eu.jotform.com/app/251243955215354,phish
https://docs.google.com/presentation/d/e/2PACX-1vRM_5HsntnGiW3a8FgI-kRtnKPqUnJXilB94zPekJqToBNnWoOd8OrIFtI2pMSeo_Mo40UxHbOnSXZb/pub?start=false&loop=false&delayms=3000&slide=id.p,phish
https://qrco.de/bfKMFi,phish
https://docs.google.com/presentation/d/e/2PACX-1vSzTMq-_LO_Yx5_YhE04-ar01rkjevOgPdxGY4jwTZoJJXpsvbBvvlAQx2levNYrv-5raxlhpLmlJD2/pub?start=false&amp;loop=false&amp;delayms=3000,phish
https://new.express.adobe.com/webpage/Rq4ZOsaE0oBu1,phish
https://q-r.to/bg8ENa,phish
https://docs.google.com/drawings/d/1IzBeXY8CXcTgNczJ8iHh48oskaWgJt-7N7g7PdoiP9U/edit,phish
https://docs.google.com/presentation/d/e/2PACX-1vTBFDHd1OMf5NhasFJ_9C8CC9-Z1fLM_M1zLhxuZRbvtw9K43d1nMnGZ-SAXq7YBauvomIddvhIgPtv/pub?start=false&amp;loop=false&amp;delayms=3000,phish
https://bit.ly/4ggQenN,phish
https://l.ead.me/bfIfZe,phish
http://delfinoarcuri4iad.blogspot.com,phish
https://docs.google.com/presentation/d/15EWcA0waVfskQv8E4w0E93da_w9UsmCo247mUYK1SHE/pub?start=false&amp;loop=false&amp;delayms=3000,phish
http://site9610755.92.webydo.com/,phish
https://l.wl.co/l?u=https://qrco.de/bfAJj3,phish
http://efjgerws.galaxias.cc/run.sh,phish
https://docs.google.com/presentation/d/e/2PACX-1vQd6jwkxrccxaR3TrwBmZq9nHxrLzWMSnhzQUev-NRQf_zJbpa6LxYS1vZUWC80zI7yj3MC94BeCefg/pub?start=false&amp;loop=false&amp;delayms=3000,phish
https://docs.google.com/drawings/d/1obHz8ennQlISYXAIvlCJD4I1c7AqLzA0RbTlZ0AkWbM/edit,phish
https://l.ead.me/eshdgyjnadiwa,phish
https://novedadesenlineaitauservices.vercel.app/,phish
https://q-r.to/bfIlj1,phish
https://docs.google.com/forms/d/e/1FAIpQLScX9ndf52db7i0r8OD0YH0TL3cIU9yNR1c3lnXe59tReOn6_Q/viewform,phish
https://docs.google.com/presentation/d/e/2PACX-1vSvByVV67dCVJ6snCsDQd9-SOvGXgzZAfqmTq1tbB8tvmxT4oTaUtVDIwyv3Rwz-5ScHzojO16j3GjK/pub?start=false&amp;loop=false&amp;delayms=3000,phish
https://docs.google.com/presentation/d/e/2PACX-1vTmKK0w3g_YJKu7E7ion2sPL0b_fzkSnAB5a0h6CHERfG9Vqyz9IKoddc_GIl5jDbZ_5rN_i95seDfq/pub?start=false&amp;loop=false&amp;delayms=3000,phish
https://docs.google.com/presentation/d/e/2PACX-1vRPdIS1IODWHzMzIltjpwjKT7QY5lABQO84PWGaZAW4TixrBMra2kd7C3qeVIecSPBlTcLFIjozcfdk/pub?start=false&loop=false&delayms=3000&slide=id.p%3E,phish
https://linqapp.com/btinternet1,phish
https://docs.google.com/presentation/d/e/2PACX-1vSPCMT8d8-w2huv_sjhJi_LJsncrjZpx7HAM4klBaOEx6sJoZCTl5uMLjMeupfsVnl1_c3jFxDusrKj/pub?start=false&amp;loop=false&amp;delayms=3000,phish
https://bit.ly/4h0ldVB,phish
https://us3.campaign-archive.com/?u=1a9f7b7992a69318ee7be20cb&id=c18a7506b5,phish
https://q-r.to/bfJaqL,phish
http://storage.googleapis.com/belanovina/monica-auhfwrih1.html,phish
https://share.hsforms.com/1_7Y8IFqFQ-e_8DQHsW2Rwwt1y0p,phish
https://1-bdmbet.com/not-allowed,phish
https://docs.google.com/presentation/d/e/2PACX-1vRsHvhrG0hIVQj4oFk0UutN8YaFWpfJGT0V-FsbvKXVVUneFtvvipq9ocLjGbQcM_3iFQoc65JHJQhR/pub?start=false&amp;loop=false&amp;delayms=3000&amp;slide=id.p,phish
https://l.ead.me/bfGOcV,phish
https://docs.google.com/drawings/d/13o7Irfy9q_Lma3AlJBEb6TOwidSeBwzMVrCNfwApR6I,phish
https://docs.google.com/presentation/d/e/2PACX-1vRCibPpa4nASzZUI1Cx_q6ykaVhah3vMehyZTr5-aZ4-g7AU2FLCwKLP3kJhULm48y36TKot1N_-AE8/pub?start=false&amp;loop=false&amp;delayms=3000,phish
https://us14.campaign-archive.com/?u=3369b66a816ec2fae229302c9&id=548dd90e06,phish
https://share-eu1.hsforms.com/16Z3u1yLLS7KhFi96pH6TGA2eycld,phish
https://bit.ly/3YFJY38,phish
https://q-r.to/bfU5zg,phish
https://q-r.to/bfNjLX,phish
https://us16.campaign-archive.com/?u=e9ccb27316c709e31dd4afbff&id=6d1495a69c,phish
https://new.express.adobe.com/webpage/2KrlFDcV1kEIR,phish
https://app.jotform.com/251941652270556,phish
https://app.jotform.com/251711450367150,phish
https://docs.google.com/presentation/d/19QSG2Muat5zhId0PinI2KXt9SqUefTrcP2m9nUdZxQg/edit,phish
http://new.express.adobe.com/webpage/OWynUwakIfzZp,phish
https://eu.jotform.com/app/251832964153157,phish
https://docs.google.com/presentation/d/e/2PACX-1vRjWAyy_fP5a7IMox6tyglx-B4UEUehZNFMYgwdEZqeu1A9sNrUpMxi3EPM3dRYhff31EZfskk40Ecd/pub?start=false&amp;loop=false&amp;delayms=3000,phish
http://brennerdentalny.com/?nBefNghRDc,phish
https://q-r.to/bfMQew,phish
https://www.dropbox.com/scl/fi/weuinmidl0cdfzp9486lu/BT-INTERNET.paper?rlkey=9n1jcnjt5giwndf4njp2tlkzl&st=wb6o9025&dl=0,phish
http://allegrolokalnie.pl-kategoria8192478124785763.shop,phish
https://is.gd/oAGwX7,phish
https://docs.google.com/presentation/d/e/2PACX-1vQR3x-eoN_IPF9z0qJiNm7TylARm8p9mBB1lCnJtq5x5hZ41KZng_Ob6qmr_1B4NcLCwuIMso7TVMZN/pub?start=true&amp;loop=false&amp;delayms=3000,phish
https://docs.google.com/presentation/d/e/2PACX-1vS-9oEFJL34cudUaD-vjNzFN3tDbd7mWvFMg8ZOPPvOfH6mYXm4GTajO72LezF57cpdfpG2mn9SaSHj/pub?start=false&loop=false&delayms=3000,phish
https://accounts.google.com/ServiceLogin?passive=1209600&continue=https://sites.google.com/view/viewbill-bt-1/bt&followup=https://sites.google.com/view/viewbill-bt-1/bt,phish
https://l.ead.me/bfKlDO,phish
https://ipfs.io/ipfs/QmUkZepTXbWwYtJytgQsBHJrdhRyv4a9Q2UGrpAjPw3DhE,phish
https://docs.google.com/drawings/d/1w8NdaKQ8Pq8QdRt_dKozYMJ3L8J9qn9dm8xVQh5_F7s/edit,phish
https://docs.google.com/presentation/d/e/2PACX-1vTh4rHdLudoJhbE4uMvKmRPjowUHPZ63Ge5uDsCXNiHXDIWIz-yNiJjdj3zUNWe59NCWcVA-cF6RTCF/pub?start=false&amp;loop=false&amp;delayms=3000,phish
https://docs.google.com/presentation/d/e/2PACX-1vSqS8kKKGdQRRenITZw14GRetFfT2arLtLczm-GwcRRv9pfKpTn5BAPCbhGw-Layi59Z9fgzJUu1rpr/pub?start=false&loop=false&delayms=3000,phish
https://bit.ly/41LWlfH,phish
https://new.express.adobe.com/webpage/NtoXMblFRDd0U,phish
https://l.ead.me/bfYk65,phish
https://us13.campaign-archive.com/?u=516b287dfe1cb56b301c22243&id=e74e7c7032,phish
https://script.google.com/macros/s/AKfycbz-0MaFrQtG43T8v91M4EeKUP4bnVgwQAJ9vHYESxnPFXhEBiPh5xKyPu_Fj_bu2fxz_w/exec&w=6503082b445ac34903e94d6d&c=b_6503275533363e49d0944f88&l=en-US&s=5OEN1vidmB3_nZR0B8JNktUP2gA,phish
https://forms.app/form/66508d79033ee15dbf597989,phish
https://docs.google.com/drawings/d/1HSZSpfQff5b1qEFGznPLJMisvXJbYPsUDNi5t_KQcpU,phish
http://allegrolokalnie.pl-oferta-234851.sbs/,phish
https://docs.google.com/presentation/d/e/2PACX-1vRcFzu5BTMZIkfNvBbtlSGcgtqNTVn0ih76dYhqOIOT31CKaD0vEcQzJ9iVUkY_PCJcXx2LSezfSwsc/pub?start=false&amp;loop=false&amp;delayms=3000,phish
http://allegro.643724.me/,phish
https://docs.google.com/presentation/d/e/2PACX-1vTZOP4EXAhULO8YYY3_jP_J76w9xoyArtDYeUuD6uBLGIjhI5SdRExX0OTtmvL0sT-pSM9qOKnsd99H/pub?start=true&amp;loop=true&amp;delayms=1000,phish
https://www.dropbox.com/scl/fi/sy1vgzqgzuaqgxaraofse/Dropbox-Add-Registry.reg?rlkey=fecimwyjewi092kzgb7hao0r6&amp;st=6waq8vzz&amp;dl=1,phish
https://docs.google.com/presentation/d/e/2PACX-1vTXp_Rk-sjjDMfVgWZavl_7cH0qFtidSR1EgqmYi1_1kF98RvtpRKQfb-JqgUjv8Y3QRRm5cBJjD3rJ/pub?start=false&amp;loop=false&amp;delayms=3000&amp;slide=id.p,phish
https://l.ead.me/bfSuca,phish
https://new.express.adobe.com/webpage/aDmSJwQnrX0TK,phish
https://docs.google.com/presentation/d/e/2PACX-1vQuOzrL2o2K3u_3skIJyx2VjootJFwsQnpoyXR1r5l1rXzruYdj_kSlosFEFCqJRLx-3KOn-oRIhLCk/pub?start=false&amp;loop=false&amp;delayms=3000&amp;slide=id.p,phish
https://docs.google.com/presentation/d/e/2PACX-1vTjPMqzJSXAgY6zAp4kgtidnhs3HWKYfNYKj1JYbkaRP59CZNgqF7Zu6VWsG1R4jrkPy46bPGfwzWU8/pub?start=false&amp;loop=false&amp;delayms=3000,phish
https://q-r.to/bfMSbC,phish
https://bit.ly/3YmPY0T,phish
https://linqapp.com/ja_man?r=link,phish
https://docs.google.com/presentation/d/e/2PACX-1vQ5RMp6wMbDfFMd7mjEKdDEpydApPXJM1BXtoWVS43MeYFg7o3dVZt3LFP94RMXvV2mXJlAS7Gh475n/pub?start=false&amp;loop=false&amp;delayms=3000,phish
https://docs.google.com/presentation/d/e/2PACX-1vROSdK_gINjoQr1K05GsoZFL9zodJQ7UG-foOwxixfnGCH4pdGu9EUqMMj4EgCVZVPKBUaA0WQDKAcZ/pub?start=false&loop=false&delayms=3000,phish
https://qrco.de/bfFiJA,phish
https://docs.google.com/presentation/d/e/2PACX-1vR1rj_QiPD2ym0Qa7NA9l_mtBHDyanI6ae0BIkZZmyIsEZpylTup1lgZv0iJF14LF4BOPRTRpaMq2Nl/pub?start=false&amp;loop=false&amp;delayms=3000,phish
https://q-r.to/bfHq9H,phish
https://ipfs.best-practice.se/ipfs/bafybeibjaza7liprcmpwtjf2k4btvsyka4kfmauug5q6f2sikmlpz774uy/index.html,phish
https://docs.google.com/presentation/d/e/2PACX-1vTaXdEzwuJ0MIih4WNlSPJu-aXqZsb9-MOwpUwY-UC-4UgkOWwDhVCyox2UUsbo004wB-OkkuwjbjyE/pub,phish
https://qrco.de/bfIzW4,phish
https://docs.google.com/presentation/d/e/2PACX-1vSFKovTlB9bog4a3zU4KRK7B0hVmbwtHkMuH2u0o3r-qdldaFHMZat6lr-5FDWdmP40ypONa5x-1282/pub?start=false&amp;loop=false&amp;delayms=3000,phish
https://new.express.adobe.com/webpage/iKOLAl69z74kY,phish
https://docs.google.com/presentation/d/e/2PACX-1vSEOFilX_xbEyak8_66CoFbQZuPBMt7XJxSyzD4IqLJPkxSIG1gzY0HWzGqgVYHJ5Ms0m5lCYogfqKc/pub?start=false&loop=false&delayms=3000&slide=id.p,phish
https://q-r.to/bfFjQG,phish
https://docs.google.com/presentation/d/e/2PACX-1vQWkHz9K5xJtaQx5ZzMYVmDfstkHQT2PY63xxotDtvnG3h9yTOhXiC8IONm_mVQNSKe6ZiWsCrjUFpK/pub?start=false&amp;loop=false&amp;delayms=3000,phish
https://eu.jotform.com/app/251961298149367,phish
http://suites-trezor-ai.weebly.com,phish
https://docs.google.com/presentation/d/e/2PACX-1vRoIwwGmNWyzWKJUHKR2Z0zdPNc88ZboVd4TRcCLvA0IsPiGTXKY7CTJDcqAWKsdKCyriqfEeawMfMW/pub?start=false&amp;loop=false&amp;delayms=3000,phish
https://q-r.to/bfJtpa,phish
https://docs.google.com/presentation/d/e/2PACX-1vRbGzOdm7bnvhBcsQB8GAYUOvAvFD2aiY6ewmcIFX-QxzIe7h6QZLf1naGzPbgdrc45b2N8LOzzyW0L/pub?start=false&amp;loop=false&amp;delayms=3000&amp;slide=id.phttps://docs.google.com/presentation/d/e/2PACX-1vRbGzOdm7bnvhBcsQB8GAYUOvAvFD2aiY6ewmcIFX-QxzIe7h6QZLf1naGzPbgdrc45b2N8LOzzyW0L/pub?start=false&amp;loop=false&amp;delayms=3000&amp;slide=id.p,phish
https://trial-eum-clientnsv4-s.akamaihd.net/eum/getdns.txt?c=pbfkp9vh9,phish
https://new.express.adobe.com/webpage/0oHkheLzRAqvG,phish
https://qrco.de/bfXdXt,phish
https://new.express.adobe.com/webpage/OBKzAb9L7SYhR,phish
https://docs.google.com/presentation/d/e/2PACX-1vTgD1py1BwzC5z6sO8KrOkgHV_b9KqV14OFSCNxxRdD0AEiUWvCbOkct0TrnT6YZVH4ujCuV9kQHAj6/pub?start=false&loop=false&delayms=3000,phish
https://t.co/QasrTWZXc9,phish
https://qrco.de/bfGaTe,phish
https://bit.ly/assistenzaclientiwidiba,phish
https://docs.google.com/presentation/d/e/2PACX-1vQWoW3YA7AZM9Q0qMadTAEFDcWolLlIof1IpssM2yZONqYoKJZTuDqANVxzDLGT86Z719aiYCjug_XO/pub?start=false&loop=false&delayms=3000&slide=id.p,phish
https://q-r.to/bfTinR,phish
https://ipfs.best-practice.se/ipfs/bafybeicpzmzp67z7j64n37lgmkgqvaxq2ddu46exvqldxqcwf2sxbkr7ae,phish
https://qrco.de/bfOB7a,phish
https://bit.ly/wlcmgift,phish
https://docs.google.com/presentation/d/e/2PACX-1vT5cOTnQJK_pYI7HRM8MLOZRBsLqyH5z3R68kW6ImrR6fHEPrEx0fPB3rMmSwAxpgu2lX1PS7MfVKy0/pub?start=false&amp;loop=false&amp;delayms=3000,phish
https://docs.google.com/presentation/d/e/2PACX-1vSCBK1nirQcFC9jyTfiWWAK56l0pRFdZ1B5w2hrkXc6dIr5_UZZpcDHhnpiqrhlZTeMJ__5o6Bo_fmp/pub?start=false&loop=false&delayms=3000,phish
https://cpcalendars.20-81-224-207.cprapid.com/ap/signin?c_ds_na=TeKsLiQNQF8CAqxkQejuRNYnIY0BNPEnCalsBPYuJX&amp;c_ds_no=text%2Fhtml%2Capplication%2Fxhtml%2Bxml%2Capplication%2Fxml%3Bq%3D0.9%2Cimage%2Favif%2Cimage%2Fwebp%2Cimage%2Fapng%2C%2A%2F%2A%3Bq%3D0.8%2Capplication%2Fsigned-exchange%3Bv%3Db3%3Bq%3D0.7,phish
https://away.vk.com/away.php?rh=7ea9d089-aac9-45e0-83e7-91853370b42b,phish
https://storage.cloud.google.com/lllumin/karaownautoindex.html,phish
https://docs.google.com/presentation/d/e/2PACX-1vR2CD6etbJ_m-AnmOwQlxKL2W-o28riLU1NrGO2lZOA5F9anDJn1CFjVUaBV2Py36RF9TacvJzs537P/pub?start=false&amp;loop=false&amp;delayms=3000,phish
https://l.ead.me/bfJtpa,phish
https://q-r.to/bfKAqH,phish
https://new.express.adobe.com/webpage/EAU9YK0N6Sgev,phish
https://www.dropbox.com/scl/fi/3mrdkb1nenkhdnn6ojsrk/BT-NEW-VOICE-MESSAGE.papert?rlkey=8b0rb18nap7dmm76kmh6idmbr&dl=0,phish
https://l.ead.me/bfKAVx,phish
https://docs.google.com/presentation/d/e/2PACX-1vRIdveaw4Khg39HgfCeW1mJuL2K8gVs6RMeGuZCFHnlHB70pl8ZdQL5Vmp57jmPkjbo-kZTFQVStuhg/pub?start=false&amp;loop=false&amp;delayms=3000,phish
https://q-r.to/bfIav7,phish
https://docs.google.com/presentation/d/e/2PACX-1vTuMfiILcZtsgPlMdAW2kWgXceCxhmrZWRu7i-q155l_kpn6rIBVSGCA_Qqca8bDEkIFvSZsyscvV8m/pub?start=false&amp;loop=false&amp;delayms=3000,phish
https://qrco.de/bfMRkZ,phish
https://docs.google.com/presentation/d/e/2PACX-1vRJx1OqanR2GxMLq8r6VYMo8DVt8WQM7WJ0x3ryE9PKfRJGqhdkaUaeZLCF2LfAfWZrNF06MxsQLaXr/pub?start=false&amp;loop=false&amp;delayms=3000,phish
https://q-r.to/bfQBBF,phish
https://qrco.de/bfRN0D,phish
https://sites.google.com/view/absorklminoddjhajhd/,phish
https://new.express.adobe.com/webpage/eitDJNyqXxVvz,phish
https://bit.ly/3Wni7Ub,phish
https://q-r.to/bfeugO,phish
https://l.wl.co/l?u=https://qrco.de/bf5A8VSCkmascuuasdwetwrcaxza,phish
https://rp.mockplus.com/run/aszjRcP0Mw/mDPDAMShFE/backToHead?cps=hide&dt=iphoneX&ha=0&la=0&nav=0&out=0&rps=hide&rt=0&as=true,phish
https://bit.ly/4cCIjjd,phish
https://docs.google.com/presentation/d/e/2PACX-1vQWdcDQs6wP29edgJcJmLJVNueiZWGQ-2gUuMVSXyJ0IWnxOsajmanYk-SmcKgA8qCkxQQO2xFLRExf/pub?start=false&amp;loop=false&amp;delayms=3000,phish
https://sites.google.com/view/cx324/inicio,phish
https://sites.google.com/view/webuoi/home,phish
https://share-eu1.hsforms.com/1B9eZD9eJSRudjAiu_39x2w2exejo,phish
https://apptuts.bio/detalhamentosluiza?gclid=EAIaIQobChMI8KinhOO2_QIVzylMCh1KoQmjEAAYAyAAEgJElPD_BwE,phish
http://acir.postofficeweb.com/grupoacir/11118453-afm-5bAUwOnFbA,phish
https://docs.google.com/drawings/d/1H_Ewh15QjDeZ9a6f4duIe3Ompdgg78ekAdXuuo_ax98,phish
https://sites.google.com/view/preezaiuo/,phish
https://docs.google.com/presentation/d/e/2PACX-1vQqzqijxh4F1Qmm0VtFGu20UiARLuHA-SrYHjD_uSEil23W2F1NhdHQwucz-13oGkkJ0_S07HtR8OWY/pub?start=true&amp;loop=true&amp;delayms=3000,phish
https://l.ead.me/bfJbhR,phish
https://share.evernote.com/note/7b32a8d7-8c5b-a197-7d25-e0beaf75f502,phish
https://flowto.it/eWenCqUowA,phish
https://bit.ly/3qwfQIB,phish
https://bit.ly/3yKYLzj,phish
https://us11.campaign-archive.com/?u=253650a66c611d0d9960d04f5&id=e48dcabe59,phish
https://sites.google.com/view/74334634trf4346f438f4f/,phish
https://ipfs.best-practice.se/ipfs/bafybeib3nlskge2csgrj7xdd4w3vmws6j444lg6untn44s4hkxovyvunhe/south.html,phish
https://firebasestorage.googleapis.com/v0/b/srmaster-3e0e8.appspot.com/o/REVENGER.jpg?alt=media&token=f4f35bff-72c6-4f56-ae67-ea2379366dd5,phish
https://new.express.adobe.com/webpage/JL56PraiGOUDm,phish
https://new.express.adobe.com/webpage/MvYrbtgShPIma,phish
https://l.ead.me/bfKY3e,phish
https://share.hsforms.com/1SPeC4F7RRmuoZukL_wHr9gsofsz,phish
https://docs.google.com/presentation/d/e/2PACX-1vQDjJ_-UQhiCX_M_a3SBz2FQ0NyGqj64znV2BDQE-NZoxUX_fh77Q9CZxnwtijC3c3tGui3FysKNd88/pub?start=false&loop=false&delayms=3000,phish
https://docs.google.com/presentation/d/1Vy4cOkrlKY1EBdlw-aYNPimnkHiaiHiZ9zE5qKJd7kY/pub?start=false&amp;loop=false&amp;delayms=3000&amp;slide=id.p,phish
https://ipfs.best-practice.se/ipfs/bafybeibq75tjvoalozne3gu6byo4hwjubakroplepyhcprur3tmbgpu2da,phish
https://qrco.de/bfSu2b,phish
https://reurl.cc/09aE5A,phish
https://docs.google.com/presentation/d/e/2PACX-1vQ30jiDfm0C5uPsvK6gFcQ7IbQAlI0SoNjxb-M9UyGqlUgwvx0YXg82yleZ7wlmJpPjh43s2W6D3cc_/pub?start=false&amp;loop=false&amp;delayms=3000,phish
https://www.dropbox.com/scl/fi/92wuo337cv3ik2arqjdu0/BT-VERIFICATION-PAGE.paper?dl=0&rlkey=rvtbjthhftspx5vofaexymuss,phish
https://bit.ly/3SBNM1Q,phish
https://new.express.adobe.com/webpage/WdOX406Zlv9Lh,phish
https://qrco.de/bfEtS1?SQi=MDSiEBOnTh?MVM=vhlo2tPG07,phish
https://docs.google.com/forms/d/e/1FAIpQLSeBS45IDhaxjoABcBoIsDZFf67GOeXPsdbX9THqybCFWjN0kA/viewform,phish
http://ip.nebulabin.pl/bins/sora.m68k,phish
http://andres823arehy.hstn.me/,phish
https://qrco.de/bfKWJ7,phish
https://linktr.ee/m1i2e3n4,phish
https://bit.ly/3Otc7UZ,phish
https://l.ead.me/bfHE56,phish
https://l.ead.me/bgATrE,phish
https://t.co/wQC4XQxauU,phish
https://raw.githubusercontent.com/rouki555/lnk/refs/heads/main/ud.bat,phish
https://l.ead.me/bfbaEh,phish
https://docs.google.com/presentation/d/e/2PACX-1vSUHTUFJlqfndTguepuYzBwaO3oHJ5qWdTmZfTcQyfq4lbxtFezaqrbgaUBMwBt2eg6S5pxQ-Zs9QUm/pub?start=true&amp;loop=true&amp;delayms=3000,phish
https://bit.ly/3SzCk6y,phish
https://docs.google.com/presentation/d/e/2PACX-1vSYfMPPqtLtA3dPegLiOa02taxzvnhw-Yp-MhLiepxiOSVWJ-_jDBh_Z_s3bBfykBqpAISq0T-MYVs0/pub?start=false&amp;loop=false&amp;delayms=3000,phish
https://l.ead.me/bfXWXw,phish
https://www.flowcode.com/page/attupdatemail89,phish
https://bit.ly/3YmrIeD,phish
https://docs.google.com/presentation/d/e/2PACX-1vTMeGlpqWyMldrCcHZawzPh6-b4IyOm0m5XDh4WpCasszm_C0gY3avqeHq1VcmtOm_3uBspsuii0vuU/pub?start=false&amp;loop=false&amp;delayms=3000,phish
https://sites.google.com/view/olaiehdfgb/home,phish
https://docs.google.com/presentation/d/e/2PACX-1vSwrxTKAYI8nMvO5o6nPhocZk_6Np-qDA28JHOS9272v_tbyVCoKLKTsjyh6ki7SmhZY7RvJBLKjDy9/pub?start=true&amp;loop=true&amp;delayms=60000,phish
https://reurl.cc/rr0L5y,phish
https://r20.rs6.net/tn.jsp?f=001ItTHzrsSHBtJezXjTYITUEaNGP4OGxFteOtmoUEnAcavm8e8I8k6vZn07f7raIDI8HoWPPy3ytJ7miKJK14Nuako-2j5vu3MzJnQ7GLyHfBmWJm35JeB5_m10qjTYhcHNhhvIwA30Sc=&c=PjwtRz3zqRq6IRiu-PEXWrrwbPgWWanh65rtPrXiYFGy590DKrkgdQ==&ch=IiKXJI0-QxBpbgioa1ypPEEQOWV4DtcmT8vHiFsUUUqpZDyX_ZjmdQ=,phish
https://docs.google.com/presentation/d/1hwBtR_gW0X2ndauMiiYmRSYwaLSuC5yJqTRk01Lw6ZI/pub?start=false&amp;loop=true&amp;delayms=1000,phish
https://qrco.de/bfJO0E,phish
https://l.ead.me/bfbVIT,phish
https://sites.google.com/view/protege12,phish
http://xn--90abegbttpjb3bzb2j.xn--p1ai/files/En/Statement/Invoice/,phish
http://94.154.35.154/arm.urbotnetisass,phish
https://replit.com/@mutual-ahora,phish
https://l.ead.me/bfJ1Ub,phish
https://www.flowcode.com/page/btvoice,phish
http://ynnnnn.ukit.me/,phish
https://bit.ly/ghfooter2022,phish
http://hcsnet.com.br/x86,phish
https://docs.google.com/drawings/d/1lQuaXzPr1aSWwhvoKHpNoVLmPIL8t0-PjQsKBZsLO34/edit,phish
https://qrco.de/bfT2eT,phish
https://qrco.de/bfJNHl,phish
https://docs.google.com/drawings/d/1JmFuNHvYzCtYAA3H8_LKwz3sh3vlUQ9AfIZt5qKUOn4/edit,phish
https://qrco.de/bfEoue,phish
https://qrco.de/bfIf1z,phish
http://43.159.37.67/v3/signin/identifier?dsh=S1073806203%3A1679335301853773&amp%3Bcontinue=https%3A%2F%2Faccounts.google.com%2F%3F&amp%3Bfollowup=https%3A%2F%2Faccounts.google.com%2F%3F&amp%3Bxrealip=107.178.237.10&ifkv=AWnogHfWftgIaj1JPd8Wd8FEm2xKggeH6FFPCU2swyFLOa-w3xxgj1DtNhCX_vvCx7DAxJ0TzWXPTg&passive=1209600&xrealip=107.21.207.171&flowName=WebLiteSignIn&flowEntry=ServiceLogin,phish
https://new.express.adobe.com/webpage/03WV6bQdGfMk2,phish
https://bit.ly/41t402p,phish
https://bit.ly/verificasellahypers,phish
https://t.co/u4H3H87fB0,phish
https://docs.google.com/presentation/d/e/2PACX-1vRDW6_3o30VAIscq-nlAH_lBkzqADW63zTCnO12nmBu-cW3CUIFlRvn018ylO9eD-xs-rhBSyeUk070/pub?start=false&amp;loop=false&amp;delayms=3000,phish
https://docs.google.com/presentation/d/e/2PACX-1vRy9h6PDLvrq38TZQ308dSH7YJqQofhJm-mtZ6ZF7BAPeoSdzUtKXxVHJ-zBVua6len4iai3nbzUlF5/pub?start=false&amp;loop=false&amp;delayms=3000&amp;slide=id.g282f17f685c_0_25,phish
https://new.express.adobe.com/webpage/2Hda6RzL7Sce4,phish
https://qrco.de/bfG5ws,phish
https://forms.office.com/Pages/ResponsePage.aspx?id=DQSIkWdsW0yxEjajBLZtrQAAAAAAAAAAAANAAVwzumxUQzdNSkZMVVZJRUlBTlNUOUQxVDlMMVBUWi4u,phish
http://allegrolokalnie.pl-828393.sbs,phish
https://q-r.to/bfPHGA,phish
http://41.216.189.47/1.sh,phish
https://bit.ly/3Sy17rY,phish
https://docs.google.com/presentation/d/e/2PACX-1vT6nj5Z8hOXTunn2eFG8-Lauq1DzEsEKLlNPoYwxty_uIAVuklTRZoLRIQW7NJMl20sh-urE-foCgLB/pub?start=false&amp;loop=false&amp;delayms=3000&amp;slide=id.p,phish
https://docs.google.com/presentation/d/e/2PACX-1vRm-JywXjcXUZo8-UINfOVAe-rCU-CDHDaAdKBxbazSCD86psgMkwprBRQihZpNfbYQv48IFJNckaBg/pub?start=false&loop=false&delayms=3000&slide=id.p%3E,phish
https://forms.gle/1oNKYEFQJcaXPZLA8,phish
https://new.express.adobe.com/webpage/zX1edFHRNMPG7,phish
https://docs.google.com/presentation/d/e/2PACX-1vQf0Lk0MuTtP5pF8HpRpCrSvM-lItsG5Wh_pWSWAaVgXtKumyS2juOJqi3gLOZrWVVBsrmk7HNwecUS/pub?start=false&amp;loop=false&amp;delayms=3000,phish
https://docs.google.com/presentation/d/e/2PACX-1vSzwU9V8g1dDTBEvC8Qf_dHKv5oLF4l6aUIg2psPuF4k7yuuncGpW63PgmS3VrPrGe5FiEWIqKqGgTK/pub?start=false&loop=false&delayms=3000,phish
https://forms.office.com/pages/responsepage.aspx?id=DQSIkWdsW0yxEjajBLZtrQAAAAAAAAAAAAO__WN1clNUMFBNSFU5NENVT1JYOEdOQ1BQNlRSOUEwTy4u&amp;fbclid=IwAR339L1C1u6ScjPS78MI5szIfOMhqo7LAw7HMEuo3l4s2HucLzoVEYAeewI,phish
http://90.156.218.31:8080/zPJGBeeVPh/x522,phish
https://q-r.to/bfGbnR,phish
https://qrco.de/bfScIv,phish
https://correoses.app.link/dominios,phish
http://livebyyourdreams.com/?hz1RAuQ8mN,phish
http://43.156.7.24/v3/signin/identifier?dsh=S-805113994:1662814406464633&amp;continue=https://accounts.google.com/?&amp;xrealip=178.162.209.129&amp;followup=https://accounts.google.com/?&amp;passive=1209600&amp;flowName=GlifWebSignIn&amp;flowEntry=ServiceLogin&amp;ifkv=AQDHYWpS3KePIJjxVe9GUIMY9sfGdalrmMnlsX7vDtSzt4i___e-SiccH2-9JRhu7nXyI6B710IPSA,phish
https://l.ead.me/bfJcgH,phish
https://www.cakeresume.com/s--6ywNwIkXSHBaryCaOReJSg--/kkjhdj,phish
https://t.co/fORWNmB9Ns,phish
https://q-r.to/bfMQOs,phish
https://qrco.de/bfJMX5,phish
http://vb32k5fr.hyperphp.com/,phish
https://bit.ly/4bMwF3V,phish
https://l.ead.me/bfIXst,phish
https://docs.google.com/presentation/d/e/2PACX-1vQAOGvn4aJqcAtroQWFBp66asRNIm1WboxaD8Ob8PPM7F4UE7BOU5kxlb_4jumtmEiwK8OBUuzyC5Ug/pub?start=false&amp;loop=false&amp;delayms=3000,phish
https://urlz.fr/tKbe,phish
https://q-r.to/bfIljF,phish
https://bit.ly/4gw7Vj4,phish
https://docs.google.com/presentation/d/e/2PACX-1vRLrV_2BWkxazdsroaakauec8-ZGS09SR0xAfPD0xJfAlsRw9ILhtHc3FRJeqWUUO_nr0f6zZqXBhTm/pub?start=false&amp;loop=false&amp;delayms=3000,phish
https://new.express.adobe.com/webpage/mu2Tnqbotypzg,phish
https://www.dropbox.com/scl/fi/qdv5iebowqij0shbsszjy/Bt-Internet.papert?dl=0&rlkey=zjuo19vckz4u6jfeblbvqjpm8&st=626p6ss1,phish
https://docs.google.com/presentation/d/e/2PACX-1vQigVbfAgg6XNweSsdrARLJT4zZO8OBpXL_4ZbfWqOjppuxgKXbj9JMIdPkZ1nDqb1cWVA9fM7oSarc/pub?start=false&amp;loop=false&amp;delayms=3000,phish
https://sites.google.com/view/guwpbi/livecomunication-sesion,phish
https://www.dropbox.com/scl/fi/it0dul5z9lv25cik2oyvv/BT.paper?dl=0&rlkey=cmcedusq76tnt40hm5p86lbrv,phish
https://www.dropbox.com/scl/fi/e9ieyjh6cv4jknmhc1k9v/BTINTERNET-WEBMAIL.paper?rlkey=rnktjib36t1h8lfe9379b4le0&st=i8mxnhc2&dl=0,phish
http://nicnetworkvvs.uk/bins/Labelloperc80.mpsl,phish
http://simbhaolisugars.in/bins/sora.m68k,phish
https://bit.ly/3yQnkuD,phish
https://bit.ly/4fNSPWv,phish
https://docs.google.com/presentation/d/e/2PACX-1vSPqMXI7TMUwyC0m7Odbhk0BOPaq4G_uNc22B8vDGOcTUwyVDxVHJx3v0lb2iork8R1YMwmLPUleBgM/pub?start=false&amp;loop=false&amp;delayms=3000,phish
https://qrco.de/bfSggM,phish
https://qrco.de/bfGYgz,phish
https://www.dropbox.com/scl/fi/fq5i15z02px9qvyk5lfbk/Kindly-update-your-AT-T-Support-to-avoid-email-shutdown-permanently.paper?dl=0&rlkey=ktrt7rjmycy996s7428jauoiv,phish
http://worldcarveiculos.com.br/,phish
https://docs.google.com/presentation/d/e/2PACX-1vQvCyobFYPz4oJKJ_YyupiJe3u2BvvL9Mp7Nq0iSfSl2mQ41VDpvYdkT9Jv6AXAlZ8I_w-yTDMACXmj/pub,phish
https://q-r.to/bfSuca,phish
https://sites.google.com/view/cuscatlanrecuperar/p%C3%A1gina-principal,phish
https://quraffev.forms.app/verification-form,phish
https://zpr.io/pvvpY6zwKjwT,phish
http://links.letsroam.com/ls/click?upn=u001.j-2BiqXX7cdfN43do3SHSaEsiDtPoHmk9PgXkuv4bqVdzo-2BSaQjWQ2e7pur0bjzmpNt-2B96uC4Q1vPz-2BWrykzntxUJuw8p6bCysGzByodllHN0usn0r3SQGNiVAn2FS-2FYqZIu7j3cC2h2W3Oj9RsN8qiz5z4nR1-2FuP-2Br6i84IWWumA2kIjhvLh0w3AyEY9axXmg9PpOVFrGd1-2FPCdTVIzmKpryvfzkMpZdJid5GOw3emtpLhRI9ffgZ1bXopCLo6lTVlRwfyAs68bnW-2BvCh6RhwNYE-2BqcfEZ-2Fxh54mNE7L3-2FdDGB5EPQw7p7o5G-2F1SKByIo3Y42HgQljIQTF6FrISuR1eO9D1feZwSByYQU-2Fii34gsBlVpZcw8PK6l8oQFYz7bdnrc4rQOLp6zFrgUObantbw-3D-3D_QvV_jlZZhajJspQDtn9GsojIAGrwM0PmEkcXz0nhzHxh5DGBQLdLKTeXipQEj8w8uJBsWxOzlhaXLMiJwjhZTFYSaghudmZX8GRSjVobJlmI0rHV1Ztl8p7DdnMOvXExBNz-2F5PkSHeRiC4grMCNY-2BWfbdwAvI7GzexL-2BnitdlQ8NUDmWS7jyxzvzcDeuELzlFi7mfvFLcdoWuIw-2FoynkFUzUUQ-3D-3D,phish
https://docs.google.com/presentation/d/e/2PACX-1vQd4Zvh_8OquH9oNHmKsDkz-sHiEnCOgHVfgaQMmK8sAyjAduaOm8y2wlhwUoalDilN88J0FTS0GFbg/pub,phish
http://optikgeneral.com/Webmail/13/Webmail/webmail.php,phish
https://docs.google.com/presentation/d/e/2PACX-1vQlgUC9VCQNOI8VFciMvvd0mfB9QLFHVvsIo0qka7Pan7MgoEGJj4JwDhx0qUxlZ_zfHjtPIEo2_0rj/pub?start=false&amp;loop=false&amp;delayms=3000&amp;slide=id.p,phish
https://q-r.to/bfPfs2,phish
https://eu.jotform.com/app/251821902121344,phish
https://qrco.de/bflQPL1?pageuser=qYETD,phish
https://us4.campaign-archive.com/?u=11b5743ffa1e76a7c933f77c4&id=a3f6f7a50b,phish
https://us15.campaign-archive.com/?u=cf6af78cc9bcdbe43e665bd5b&id=9676d8402e,phish
https://t.co/VkuZ6B6Wjv,phish
https://l.ead.me/bfKLmh,phish
https://qrco.de/bfJvwE,phish
https://online.forms.app/emma009/workformpoint,phish
https://rp.mockplus.com/run/DyHaPRYV23/zfnp8kFux5/6f2dLxXdTw?cps=expand&dt=iphoneX&ha=0&la=0&nav=1&out=0&rps=expand&rt=1&as=true,phish
https://sites.google.com/view/verifiedcodecod/home,phish
https://l.ead.me/bfXXWV,phish
https://raw.githubusercontent.com/zibll001/ffff/refs/heads/main/web.sh,phish
https://rp.mockplus.com/run/fhoMnAv0b0/tSLpiqYy9f/GLF0tSsVJY?cps=hide&rps=hide&nav=0&ha=0&la=0&fc=1&dt=iphoneX&out=0&rt=0&as=true,phish
https://qrco.de/bfJiaW,phish
https://ipfs.best-practice.se/ipfs/bafybeigvnd42jom7e3wimgpo2abup6bsnp53cbes2gkjsp4nuyidanryv4,phish
https://t.co/gUIHwpFBbP,phish
https://docs.google.com/presentation/d/e/2PACX-1vQQwJKhASrHSGUrOeT5s7BvNtparS4BLhCVJLKPCfzBBemAnZ9Rup308GgNyipjyF9a01GL6ReNU8ua/pub?start=false&amp;loop=false&amp;delayms=3000,phish
https://msha.ke/gyrhvddjg,phish
https://docs.google.com/presentation/d/e/2PACX-1vTauo-NzvsTuqaMutPwOVl5MFlIh4upm-jeCWODuzz1vcDFpp0PyfC4El_xB7uD799zL7OsOOaHt_xr/pub?start=false&amp;loop=false&amp;delayms=3000,phish
https://us6.campaign-archive.com/?e=9c58b0c408&i=*%7CITERATION_UNIQUE_ID%7C*&u=6d813bacfa646d715efd2c1fc&id=7ca2044556,phish
https://docs.google.com/forms/d/e/1FAIpQLScqJmmpVhf-v4KMqr7N3Zt9PJL0a40kuMwc2OsEz5XZsFP2-A/viewform?usp=send_form,phish
https://l.ead.me/bfNvM2,phish
https://docs.google.com/spreadsheets/d/e/2PACX-1vSU_PyEggegknrskvId6UiUsLAMTD6giq4qGR7b-sp5LIyTeUrS6l-qa9cwhMaJc0FbhvTLSLLpY_Eh/pubhtml/sheet?gid=0,phish
https://41a095.share-na2.hsforms.com/2M1n8MrlnRM2rLYKcJaxnpA,phish
https://www.flowcode.com/page/btinternet.combroadband,phish
http://public-trezor-cdn.vercel.app,phish
https://l.ead.me/bfNAqM,phish
https://new.express.adobe.com/webpage/qP47Wysjr2uf1,phish
https://docs.google.com/presentation/d/e/2PACX-1vQ2ETI0ghD9-53PasOitUe2a675jihu_FyjiPur_R7k4wzNHifgpdvigGgl3xa12PoBdhm_TJB-eaBr/pub?start=false&loop=false&delayms=3000,phish
https://docs.zoom.us/doc/umi0-x1YSe69Am3LMenIMg,phish
https://ewtelstrawebmaill.wixsite.com/my-site/,phish
https://q-r.to/bfbP7V,phish
https://new.express.adobe.com/webpage/wlY2B5toUanZ1,phish
http://www.gzc.kyx.mybluehost.me/https/atts/sbc/att-detai/?$web_only=true&_branch_match_id=1357226591087172226&utm_medium=marketing&_branch_referrer=H4sIAAAAAAAAA8soKSkottLXt0guL0nVSywo0MvJzMvWT9VPLCmpAAB7CGSlHQAAAA==/,phish
http://43.159.37.67/InteractiveLogin?continue=https://accounts.google.com/?&amp;followup=https://accounts.google.com/?&amp;passive=1209600&amp;xrealip=107.178.232.242&amp;ifkv=AWnogHezA6Vj1YmlQ_-wd782qFN5BbJey79rUjJ1ciIpMG2JcfYrzipi9G3RbLhtpc_muol7O9v-uQ,phish
https://docs.google.com/presentation/d/e/2PACX-1vTu65EFmLK1mmtUpH8wWW2HJ_EOUjKoPSlSEl4EembEGSwOSin6NZLFRhVRVcdv46UDCYgzk6w-X6m6/pub?start=false&amp;loop=false&amp;delayms=3000,phish
https://q-r.to/bfa33Q,phish
https://www.dropbox.com/scl/fi/ocdodjlk01yhz5p7rxzya/We-Update-B.T-Webmail-Now.paper?rlkey=a6nand1u5mgaxhpxq4gkzd76k&st=aoevzfee&dl=0,phish
http://robiox.ru/users/7601314163/profile,phish
https://bit.ly/47joOdu,phish
https://qrco.de/bfE91l,phish
https://docs.google.com/presentation/d/e/2PACX-1vSPacGGP-thM-aWOpub96_EHmw2YheyLFFFUzUM4uBJbJsdrxz6dQ-qe51aZRdn8q8uop5KMHxoGknb/pub?start=false&amp;loop=false&amp;delayms=3000&amp;slide=id.p,phish
https://q-r.to/bfPGy7,phish
https://docs.google.com/drawings/d/12Twyrx4N1YC2lSpcL1LY-3AzmRYl973aAYrzXxjD9_o/edit,phish
https://sites.google.com/view/currently-att-yahoo/update,phish
http://allegrolokalnie.oiu3782919z.cyou,phish
https://docs.google.com/presentation/d/e/2PACX-1vSIJcfTil9sY2cbAOirlx3etAlpjRjOd693wUKJL6k5tyjZoemREYp8GlAOWM5jrt-4NRCJNtVt8rcp/pub?start=false&amp;loop=false&amp;delayms=3000,phish
https://q-r.to/bfcIDZ,phish
https://docs.google.com/presentation/d/e/2PACX-1vT9rIsuktaEuiUjwrrNxT-npmFFCIvCB8hzR81pwQK0-VZ8OWgCmd4Rg8htThnCSEc6l5CJ5t8jgW0r/pub?start=false&amp;loop=false&amp;delayms=3000,phish
https://docs.google.com/presentation/d/e/2PACX-1vRPALzVnM5U2wRLRShTOxZ9dq87497z1JmIjR0wCf2BuaDGzabS8axSOm_p21wfKyOKnkUPBEZ8qxW5/pub?start=false&amp;loop=false&amp;delayms=3000,phish
https://q-r.to/bfMVOW,phish
https://docs.google.com/presentation/d/e/2PACX-1vQNsMWYl1jBd9Z_ODZ_yrjiDr6uqtxgvIxKGnyUx5hLQ2wqbSNRzyNqp-ZhMp5c7YHRYKM3wlrI1GP-/pub?start=false&amp;loop=false&amp;delayms=3000&amp;slide=id.p,phish
http://www.flow.page/mlh21880/,phish
https://t.co/jAUUcd8cmR,phish
https://q-r.to/bfJMy6,phish
https://raw.githubusercontent.com/fromfranceanb/d46c38bce2b0d9c6hcffa6baea82ece29fa6d238/main/injection.js,phish
https://collaborative-level-695985.framer.app/,phish
https://docs.google.com/presentation/d/e/2PACX-1vQmWbj-jSXzjUyr0dYOSQP3_ulvOZxGHKwaV02zP_yNMEINLmE-fYV8dwdW-7j7LUUOKeu_1BVs8H5T/pub?start=false&amp;loop=false&amp;delayms=3000,phish
https://t.co/aTsDumDM0d,phish
https://cli.re/qqMeNR,phish
http://208.67.107.146/Neicpac.png,phish
http://main.dsn.ovh/dns/pwer,phish
https://www.dropbox.com/scl/fi/vg2tjz07nu09y65uqgq1b/YOUR-LATEST-BILL-IS-READY.paper?rlkey=6u8nq2ur9k87otubokq8p9jfj&st=w1y7ebp2&dl=0,phish
https://new.express.adobe.com/webpage/xRibGnVT18pJa,phish
https://listado.mercadolibre.com.uy/computacion/componentes-pc/placas/tarjetas-video/tarjeta-de-video_NoIndex_True?sb=category,phish
https://qrco.de/bfLygy,phish
https://bit.ly/4h4UTJT,phish
https://sites.google.com/view/idhkxfnkfvhnf/home,phish
https://q-r.to/bfJbVD,phish
https://t.co/8KZtzcdUMd,phish
https://q-r.to/bfMSZx,phish
https://docs.google.com/forms/d/e/1FAIpQLSe8GxXN34JPFjstTvcJUvl-j6w0pPA5JqARB0epz0YA73BWSw/viewform?fbzx=-5822774219386285645,phish
https://docs.google.com/forms/d/e/1FAIpQLSckfDFOxF1ACu60cA2nHdLK-ZzRLgiK5YDJk-NGJNlNOnXchg/viewform,phish
https://docs.google.com/presentation/d/e/2PACX-1vQCTaejXBCObBXhxeZaZTYaKb6Fsx3hhscVb7jqSfDJK_wabzOo8IT6TnmKSGE29Djg-9yDjHQAZuMF/pub?start=false&amp;loop=false&amp;delayms=3000&amp;slide=id.p,phish
https://q-r.to/bfEayX,phish
https://new.express.adobe.com/webpage/VUmnaCHO8BEQp,phish
https://q-r.to/bfJxGO,phish
https://pastebin.com/raw/zpmMTVzq,phish
https://docs.google.com/presentation/d/e/2PACX-1vQdwDCKLhNUvRcL0w75c2f5U8mvv1lt9cB9c2_zpmY9HBZRqwGUjqihfeSmseZbiZx-KqBCXGPz0ati/pub?start=false&amp;loop=false&amp;delayms=3000,phish
https://l.ead.me/bfJAk3,phish
https://bit.ly/3AfYCol,phish
https://us12.campaign-archive.com/?u=148faf1590519bb8ddfd84ba1&id=c06bac23ed,phish
https://docs.google.com/presentation/d/e/2PACX-1vQV7DPAUMwZhPqGyV_eOStU4Pzi0G_1D8nFugYM_M1zskjeuh47Xu76gsdxOaG-MGfAEPVV0mF8rkPR/pub?start=false&amp;loop=false&amp;delayms=3000,phish
https://stackoverflow.com,legit
https://wordpress.com,legit
https://w3schools.com,legit
https://bbc.com,legit
https://cnn.com,legit
https://craigslist.org,legit
https://github.com,legit
